author,rating,text,date
Bala Kumar,5.0,"Learning Experience at GUV

I'm currently enrolled in GUVI's Automation Testing course, and it has been an …",Recent
Unknown,5.0,"Learning Experience at GUV

I'm currently enrolled in GUVI's Automation Testing course, and it has been an …",Recent
K A SUBRAMANIAN,4.0,"I would personally rate my overall experience 4 out of 5.

The study material is excellent (10/10). …",Recent
Unknown,4.0,"I would personally rate my overall experience 4 out of 5.

The study material is excellent (10/10). …",Recent
Prakash Sivam,5.0,"I had a really good experience learning with GUVI through the Zen Student Program – Data Science. The classes were simple to follow, even for someone starting fresh, and the mentors explained everything clearly. I really liked the hands-on …",Recent
Unknown,5.0,"I had a really good experience learning with GUVI through the Zen Student Program – Data Science. The classes were simple to follow, even for someone starting fresh, and the mentors explained everything clearly. I really liked the hands-on …",Recent
Atharv Mairal,5.0,"I recently joined Guvi for their UI/UX Designing course, and my experience has been excellent so far. The way the concepts are explained is very beginner-friendly yet detailed enough to build a strong foundation. I really appreciate how the …",Recent
Unknown,5.0,"I recently joined Guvi for their UI/UX Designing course, and my experience has been excellent so far. The way the concepts are explained is very beginner-friendly yet detailed enough to build a strong foundation. I really appreciate how the …",Recent
Bharathi Arivu,5.0,"I had a great learning experience with GUVI while completing the Business Analytics program. The course structure was clear, practical, and beginner-friendly, making it easy to understand even complex analytical concepts. …",Recent
Unknown,5.0,"I had a great learning experience with GUVI while completing the Business Analytics program. The course structure was clear, practical, and beginner-friendly, making it easy to understand even complex analytical concepts. …",Recent
Thillai Devi Kanthan,5.0,"5 Stars – Empowering Learning Experience at GUVI!
I'm currently enrolled in GUVI's Automation Testing course, and it's been a fantastic journey so far. As someone restarting my tech career after a long break, I …",Recent
Unknown,5.0,"5 Stars – Empowering Learning Experience at GUVI!
I'm currently enrolled in GUVI's Automation Testing course, and it's been a fantastic journey so far. As someone restarting my tech career after a long break, I …",Recent
Ramesh Hari,5.0,"I gained valuable technical knowledge from the lessons taught by Mr. Sarath Kumar Ezilarasan, organized by the GUVI coordinators.
The bootcamp is well-structured with a clear roadmap and an ideal learning pace …",Recent
Unknown,5.0,"I gained valuable technical knowledge from the lessons taught by Mr. Sarath Kumar Ezilarasan, organized by the GUVI coordinators.
The bootcamp is well-structured with a clear roadmap and an ideal learning pace …",Recent
Leeban Lee,1.0,"I had a very disappointing experience with GUVI’s DevOps program (GUVI–HCL).
Batch : DO-C-WD-E-B29
Name: Leeban …",Recent
Unknown,1.0,"I had a very disappointing experience with GUVI’s DevOps program (GUVI–HCL).
Batch : DO-C-WD-E-B29
Name: Leeban …",Recent
Tamilkumaran .N,4.0,"The Zen classes have been really good, and I’ve gained a lot of knowledge through them. However, I’d like to share a small concern regarding the placement policy. Currently, GUVI requires learners to complete the pre-placement process …",Recent
Unknown,4.0,"The Zen classes have been really good, and I’ve gained a lot of knowledge through them. However, I’d like to share a small concern regarding the placement policy. Currently, GUVI requires learners to complete the pre-placement process …",Recent
Essakiappan karthik,5.0,It was great learning journey with Guvi online learning platform. I got great experience of learning mechanical designing and analysis software skills from their zen portal course. I learnt lot of new things other than academic knowledge. I …,Recent
Unknown,5.0,It was great learning journey with Guvi online learning platform. I got great experience of learning mechanical designing and analysis software skills from their zen portal course. I learnt lot of new things other than academic knowledge. I …,Recent
sanjana singh,5.0,"So I joined GUVI for their DevOps and Cloud Computing course a few months back, and honestly, it’s been good experience. The course is super hands-on, not just theory dumped from slides. The trainers actually explain why things work the way …",Recent
Unknown,5.0,"So I joined GUVI for their DevOps and Cloud Computing course a few months back, and honestly, it’s been good experience. The course is super hands-on, not just theory dumped from slides. The trainers actually explain why things work the way …",Recent
Jyoti kumari,5.0,"Guvi Business Analytics course was exactly what I needed to build data-driven decision-making skills. I created dashboards for marketing campaigns, analyzed sales trends, and performed customer segmentation using SQL, Excel, and Power BI. …",Recent
Unknown,5.0,"Guvi Business Analytics course was exactly what I needed to build data-driven decision-making skills. I created dashboards for marketing campaigns, analyzed sales trends, and performed customer segmentation using SQL, Excel, and Power BI. …",Recent
ANU SINGH,5.0,"GUVI’s Data Engineering course is like a bootcamp for future data engineers. I worked on ETL pipelines, batch processing, and streaming data projects while learning Spark, Hadoop, and SQL. Mentors explain concepts in a simple, digestible …",Recent
Unknown,5.0,"GUVI’s Data Engineering course is like a bootcamp for future data engineers. I worked on ETL pipelines, batch processing, and streaming data projects while learning Spark, Hadoop, and SQL. Mentors explain concepts in a simple, digestible …",Recent
Ilakiya R,5.0,"I had an excellent learning experience with Guvi’s Full Stack Development with Fullstack development course and Zen Student Program. The structured curriculum, interactive sessions, and dedicated mentors made complex concepts easy to …",Recent
Unknown,5.0,"I had an excellent learning experience with Guvi’s Full Stack Development with Fullstack development course and Zen Student Program. The structured curriculum, interactive sessions, and dedicated mentors made complex concepts easy to …",Recent
Krishna Kanhaiya,5.0,"Learning Full Stack with GUVI was surprisingly enjoyable. I built a blog, portfolio, and mini e-commerce app while learning React, Node.js, and MongoDB. Mentors are approachable and always ready to help debug tricky issues. The hands-on …",Recent
Unknown,5.0,"Learning Full Stack with GUVI was surprisingly enjoyable. I built a blog, portfolio, and mini e-commerce app while learning React, Node.js, and MongoDB. Mentors are approachable and always ready to help debug tricky issues. The hands-on …",Recent
Vijendra Kumar,5.0,"GUVI’s DevOps & Cloud Computing course made learning practical and engaging. I worked on deploying apps on AWS, creating CI/CD pipelines, and containerizing projects with Docker. Mentors clarified concepts step by step, making Kubernetes …",Recent
Unknown,5.0,"GUVI’s DevOps & Cloud Computing course made learning practical and engaging. I worked on deploying apps on AWS, creating CI/CD pipelines, and containerizing projects with Docker. Mentors clarified concepts step by step, making Kubernetes …",Recent
Santhosh,5.0,"I completed the UI/UX & Zen Student Program at GUVI, and it was an amazing experience. Before joining, I had absolutely no idea where to start in UI/UX, but this course is truly a full-packed and well-structured program that guides you from …",Recent
Unknown,5.0,"I completed the UI/UX & Zen Student Program at GUVI, and it was an amazing experience. Before joining, I had absolutely no idea where to start in UI/UX, but this course is truly a full-packed and well-structured program that guides you from …",Recent
YOGESH E,5.0,"I recently completed the Data Science course at GUVI, and it was a truly rewarding experience. …",Recent
Unknown,5.0,"I recently completed the Data Science course at GUVI, and it was a truly rewarding experience. …",Recent
priya v,5.0,"As someone new to the design field, the GUVI UI/UX crash course was the perfect starting point for my career transition. The course broke down complex topics into understandable modules, from user research to high-fidelity prototyping. The …",Recent
Unknown,5.0,"As someone new to the design field, the GUVI UI/UX crash course was the perfect starting point for my career transition. The course broke down complex topics into understandable modules, from user research to high-fidelity prototyping. The …",Recent
rathi Priyadv111,5.0,"I am very happy to share my experience with GUVI. It is a great platform for learning AI, Data Science, and programming. The mentors explain concepts clearly, and the practical sessions are very useful. I really like the way GUVI provides …",Recent
Unknown,5.0,"I am very happy to share my experience with GUVI. It is a great platform for learning AI, Data Science, and programming. The mentors explain concepts clearly, and the practical sessions are very useful. I really like the way GUVI provides …",Recent
Ragul,5.0,"I recently completed the Full Stack Development course in the zen student program on GUVI, and it was a truly valuable experience. The program was well-organized, with clear explanations and practical guidance that made learning enjoyable. …",Recent
Unknown,5.0,"I recently completed the Full Stack Development course in the zen student program on GUVI, and it was a truly valuable experience. The program was well-organized, with clear explanations and practical guidance that made learning enjoyable. …",Recent
priyanka Nila,5.0,"Over the past few weeks, I’ve learned practical skills in SEO, social media marketing, Google Ads, email marketing, and more. It’s been a great learning journey that has prepared me to handle real-world digital marketing tasks. …",Recent
Unknown,5.0,"Over the past few weeks, I’ve learned practical skills in SEO, social media marketing, Google Ads, email marketing, and more. It’s been a great learning journey that has prepared me to handle real-world digital marketing tasks. …",Recent
sudha rani,4.0,"I recently completed the Full Stack Developer course at GUVI, this course helped me upgrade my skills. The Zen classes were very useful — The curriculum was well-structured, mentors were supportive, and the hands-on projects, which gave me …",Recent
Unknown,4.0,"I recently completed the Full Stack Developer course at GUVI, this course helped me upgrade my skills. The Zen classes were very useful — The curriculum was well-structured, mentors were supportive, and the hands-on projects, which gave me …",Recent
Jyoti Kumari,5.0,"The ML & AI course at GUVI is perfect for hands-on learners. I built image classifiers, spam detection systems, and recommendation engines. Mentors explain algorithms and frameworks step by step. Python, TensorFlow, and data preprocessing …",Recent
Unknown,5.0,"The ML & AI course at GUVI is perfect for hands-on learners. I built image classifiers, spam detection systems, and recommendation engines. Mentors explain algorithms and frameworks step by step. Python, TensorFlow, and data preprocessing …",Recent
Ragaswetha J,5.0,"I recently completed the Full Stack Development program at GUVI, and it was an amazing experience. The curriculum was well-structured, mentors were supportive, and the hands-on projects gave me real-world exposure. I now feel confident to …",Recent
Unknown,5.0,"I recently completed the Full Stack Development program at GUVI, and it was an amazing experience. The curriculum was well-structured, mentors were supportive, and the hands-on projects gave me real-world exposure. I now feel confident to …",Recent
Yugeshwar V,5.0,"GUVI is a great platform for beginners and for those who are willing to switch from NON-IT to IT, with various tech courses. The trainers explain concepts clearly, and the coding platform with CodeKata makes practice engaging. Real-world …",Recent
Unknown,5.0,"GUVI is a great platform for beginners and for those who are willing to switch from NON-IT to IT, with various tech courses. The trainers explain concepts clearly, and the coding platform with CodeKata makes practice engaging. Real-world …",Recent
Aniket Kumar,5.0,"Switching from video editing to UI/UX was intimidating, but GUVI’s course made it possible. I designed app prototypes, interactive dashboards, and landing pages using Figma. Mentors gave detailed feedback, helping me improve usability and …",Recent
Unknown,5.0,"Switching from video editing to UI/UX was intimidating, but GUVI’s course made it possible. I designed app prototypes, interactive dashboards, and landing pages using Figma. Mentors gave detailed feedback, helping me improve usability and …",Recent
Harish Kumar R,1.0,"Hi everyone,
I wanted to share my personal experience in case it helps you make a more informed decision. …",Recent
Unknown,1.0,"Hi everyone,
I wanted to share my personal experience in case it helps you make a more informed decision. …",Recent
Naveen M,4.0,"I'm really excited to share my experience with the GUVI GEEK UI/UX Course. Coming from an IT background as a frontend developer, I decided to switch my career path because I've always been a creative person at heart. …",Recent
Unknown,4.0,"I'm really excited to share my experience with the GUVI GEEK UI/UX Course. Coming from an IT background as a frontend developer, I decided to switch my career path because I've always been a creative person at heart. …",Recent
Sivaprakash Ramalingam,5.0,"GUVI offers a great learning experience through its interactive courses and real-time exposure events. The platform provides practical insights and industry-relevant training, allowing learners to apply concepts in real-world scenarios. The …",Recent
Unknown,5.0,"GUVI offers a great learning experience through its interactive courses and real-time exposure events. The platform provides practical insights and industry-relevant training, allowing learners to apply concepts in real-world scenarios. The …",Recent
Kavya P P,5.0,"Choosing GUVI for my Master’s in Data Science after graduation was one of the best decisions I’ve made. The platform is truly incredible — offering a perfect blend of technical theory, coding practice, and real-world project experience. The …",Recent
Unknown,5.0,"Choosing GUVI for my Master’s in Data Science after graduation was one of the best decisions I’ve made. The platform is truly incredible — offering a perfect blend of technical theory, coding practice, and real-world project experience. The …",Recent
MARIA JOSEPH RAJ L,5.0,"""I recently completed the GUVI ZEN UI/UX Design course and it has been an incredibly valuable experience. As a [Your Background, e.g., recent engineering graduate / working professional in marketing / aspiring designer], I chose this …",Recent
Unknown,5.0,"""I recently completed the GUVI ZEN UI/UX Design course and it has been an incredibly valuable experience. As a [Your Background, e.g., recent engineering graduate / working professional in marketing / aspiring designer], I chose this …",Recent
Siva Sankari Nagarajan,5.0,GUVI-IIT incubated Technology guider provides IT based learning for career enthusiast and people who wants to make their first step into IT industry from their non-IT background and Many women who wants to restructure their career after …,Recent
Unknown,5.0,GUVI-IIT incubated Technology guider provides IT based learning for career enthusiast and people who wants to make their first step into IT industry from their non-IT background and Many women who wants to restructure their career after …,Recent
Bharath Ganesh,5.0,"I recently completed the Full Stack Development course in the zen student program on GUVI, and it was a truly valuable experience. The program was well-organized, with clear explanations and practical guidance that made learning enjoyable. …",Recent
Unknown,5.0,"I recently completed the Full Stack Development course in the zen student program on GUVI, and it was a truly valuable experience. The program was well-organized, with clear explanations and practical guidance that made learning enjoyable. …",Recent
Srinivas Balakrishnan,5.0,"Excellent Learning Experience at GUVI!

I recently completed the Data Scientist course at GUVI, and it was an amazing …",Recent
Unknown,5.0,"Excellent Learning Experience at GUVI!

I recently completed the Data Scientist course at GUVI, and it was an amazing …",Recent
LOGITH NATHAN,5.0,"I recently completed the Data Science course, and the experience has been excellent. The training content was well-structured, practical, and industry-focused. The mentors were very supportive and explained complex concepts in a simple …",Recent
Unknown,5.0,"I recently completed the Data Science course, and the experience has been excellent. The training content was well-structured, practical, and industry-focused. The mentors were very supportive and explained complex concepts in a simple …",Recent
Dhiviya,5.0,"I’m excited to share that I have recently completed the Python Automation Testing course at GUVI, and it has been a truly enriching experience. …",Recent
Unknown,5.0,"I’m excited to share that I have recently completed the Python Automation Testing course at GUVI, and it has been a truly enriching experience. …",Recent
7196Syed Absalkhan,5.0,"My experience with GUVI was really great I enrolled in the Mechanical Design course and found it very useful. The trainers were knowledgeable and supportive. The coding platform was easy to use, and the projects were practical and …",Recent
Unknown,5.0,"My experience with GUVI was really great I enrolled in the Mechanical Design course and found it very useful. The trainers were knowledgeable and supportive. The coding platform was easy to use, and the projects were practical and …",Recent
Annie,5.0,"GUVI’s Data Science course was an excellent learning journey! The curriculum is well-structured and focused on real-world applications, making it easy to connect theory with practice. The coding platform, hands-on projects, and real-time …",Recent
Unknown,5.0,"GUVI’s Data Science course was an excellent learning journey! The curriculum is well-structured and focused on real-world applications, making it easy to connect theory with practice. The coding platform, hands-on projects, and real-time …",Recent
Monish Malathi,5.0,"My experience with Guvi was exceptional. From the onboarding process to teaching, they provided thorough support. Their assistance with project submissions, task corrections, and feedback was commendable. The person who conducted the …",Recent
Unknown,5.0,"My experience with Guvi was exceptional. From the onboarding process to teaching, they provided thorough support. Their assistance with project submissions, task corrections, and feedback was commendable. The person who conducted the …",Recent
DINESH SUTHAR,5.0,"I loved GUVI’s Digital Marketing course - it’s practical and project-based. I got to learn about SEO, GEO, created Google Ads projects, and analyzed social media performance. Mentors guided me on analytics and optimization strategies. The …",Recent
Unknown,5.0,"I loved GUVI’s Digital Marketing course - it’s practical and project-based. I got to learn about SEO, GEO, created Google Ads projects, and analyzed social media performance. Mentors guided me on analytics and optimization strategies. The …",Recent
Tamilmani.J,5.0,"“I am currently pursuing the Data Science program at GUVI, and the learning experience has been excellent. The course is well-structured and industry-focused, covering Python, SQL, Machine Learning, and real-time projects. The mentors are …",Recent
Unknown,5.0,"“I am currently pursuing the Data Science program at GUVI, and the learning experience has been excellent. The course is well-structured and industry-focused, covering Python, SQL, Machine Learning, and real-time projects. The mentors are …",Recent
Sabuj kiran Maity,1.0,During admission they told me that our placement salary will be 5lpa - 6lpa but even after completing my course it has been almost a year and I still haven't got any job and I haven't received the course certificate. After completing the …,Recent
Unknown,1.0,During admission they told me that our placement salary will be 5lpa - 6lpa but even after completing my course it has been almost a year and I still haven't got any job and I haven't received the course certificate. After completing the …,Recent
Andrea jones,4.0,GUVI is the best place to start if you are transitioning to the TECH industry because they teach from very basics and gradually cover almost all the topics necessary. I have Completed Data Science course from them they truly are good at …,Recent
Unknown,4.0,GUVI is the best place to start if you are transitioning to the TECH industry because they teach from very basics and gradually cover almost all the topics necessary. I have Completed Data Science course from them they truly are good at …,Recent
Maheshwari baranikumar,5.0,"I had a great learning experience with GUVI’s Data Science course. The curriculum was industry-relevant, and the mentors were supportive throughout. Real-world projects like PhonePe insights and Ola ride analysis helped me gain hands-on …",Recent
Unknown,5.0,"I had a great learning experience with GUVI’s Data Science course. The curriculum was industry-relevant, and the mentors were supportive throughout. Real-world projects like PhonePe insights and Ola ride analysis helped me gain hands-on …",Recent
Tarun kumar,4.0,"GUVI offers a well-structured course with clear recorded videos that support flexible self-learning. Most of the skills required for projects are explained through these sessions, and hands-on projects helped me apply them effectively. A great platform to learn and upskill!",Recent
Unknown,4.0,"GUVI offers a well-structured course with clear recorded videos that support flexible self-learning. Most of the skills required for projects are explained through these sessions, and hands-on projects helped me apply them effectively. A great platform to learn and upskill!",Recent
jaya lakshmi,5.0,I recently completed the Data Engineering course at GUVI and had a great learning experience. The course provided a clear roadmap that helped me understand the path to becoming a data engineer. I especially liked the hands-on practice …,Recent
Unknown,5.0,I recently completed the Data Engineering course at GUVI and had a great learning experience. The course provided a clear roadmap that helped me understand the path to becoming a data engineer. I especially liked the hands-on practice …,Recent
Arun Kavi JS,5.0,"I recently completed a course at GUVI Geek Networks Pvt Ltd, and it was a really positive experience. GUVI’s platform is great for learning, especially because they focus a lot on practical skills and real-world projects. …",Recent
Unknown,5.0,"I recently completed a course at GUVI Geek Networks Pvt Ltd, and it was a really positive experience. GUVI’s platform is great for learning, especially because they focus a lot on practical skills and real-world projects. …",Recent
Dharshini Balasundaram,5.0,"I recently attended GUVI’s Master Data Science Program, which was conducted entirely online. I chose the weekday batch, with classes from 9 AM to 12 PM. …",Recent
Unknown,5.0,"I recently attended GUVI’s Master Data Science Program, which was conducted entirely online. I chose the weekday batch, with classes from 9 AM to 12 PM. …",Recent
Wicky,4.0,"GUVI is one of the best platforms for learning tech skills!
What I love most is that they teach in regional languages, which makes learning easy and comfortable. The Zen Class is very useful for job seekers, and their …",Recent
Unknown,4.0,"GUVI is one of the best platforms for learning tech skills!
What I love most is that they teach in regional languages, which makes learning easy and comfortable. The Zen Class is very useful for job seekers, and their …",Recent
