author,rating,text,sentiment,summary,recommendation
Bala Kumar,5.0,"Learning Experience at GUV

I'm currently enrolled in GUVI's Automation Testing course, and it has been an …",Positive,"Learning Experience at GUV

I'm currently enrolled in GUVI's Automation Testing course, and it has b",Review the feedback for improvements.
Unknown,5.0,"Learning Experience at GUV

I'm currently enrolled in GUVI's Automation Testing course, and it has been an …",Positive,"Learning Experience at GUV

I'm currently enrolled in GUVI's Automation Testing course, and it has b",Review the feedback for improvements.
K A SUBRAMANIAN,4.0,"I would personally rate my overall experience 4 out of 5.

The study material is excellent (10/10). …",Positive,"I would personally rate my overall experience 4 out of 5.

The study material is excellent (10/10). ",Review the feedback for improvements.
Unknown,4.0,"I would personally rate my overall experience 4 out of 5.

The study material is excellent (10/10). …",Positive,"I would personally rate my overall experience 4 out of 5.

The study material is excellent (10/10). ",Review the feedback for improvements.
Prakash Sivam,5.0,"I had a really good experience learning with GUVI through the Zen Student Program – Data Science. The classes were simple to follow, even for someone starting fresh, and the mentors explained everything clearly. I really liked the hands-on …",Positive,I had a really good experience learning with GUVI through the Zen Student Program – Data Science. Th,Review the feedback for improvements.
Unknown,5.0,"I had a really good experience learning with GUVI through the Zen Student Program – Data Science. The classes were simple to follow, even for someone starting fresh, and the mentors explained everything clearly. I really liked the hands-on …",Positive,I had a really good experience learning with GUVI through the Zen Student Program – Data Science. Th,Review the feedback for improvements.
Atharv Mairal,5.0,"I recently joined Guvi for their UI/UX Designing course, and my experience has been excellent so far. The way the concepts are explained is very beginner-friendly yet detailed enough to build a strong foundation. I really appreciate how the …",Positive,"I recently joined Guvi for their UI/UX Designing course, and my experience has been excellent so far",Review the feedback for improvements.
Unknown,5.0,"I recently joined Guvi for their UI/UX Designing course, and my experience has been excellent so far. The way the concepts are explained is very beginner-friendly yet detailed enough to build a strong foundation. I really appreciate how the …",Positive,"I recently joined Guvi for their UI/UX Designing course, and my experience has been excellent so far",Review the feedback for improvements.
Bharathi Arivu,5.0,"I had a great learning experience with GUVI while completing the Business Analytics program. The course structure was clear, practical, and beginner-friendly, making it easy to understand even complex analytical concepts. …",Positive,I had a great learning experience with GUVI while completing the Business Analytics program. The cou,Review the feedback for improvements.
Unknown,5.0,"I had a great learning experience with GUVI while completing the Business Analytics program. The course structure was clear, practical, and beginner-friendly, making it easy to understand even complex analytical concepts. …",Positive,I had a great learning experience with GUVI while completing the Business Analytics program. The cou,Review the feedback for improvements.
